{
  "Goal": "Create your online business",
  "Topic": "1000 Hustles: Designing and Selling Handmade Stationery Online",
  "Milestones": [
    {
      "Milestone": "Milestone 1: Foundation and Preparation",
      "Completed": false,
      "CompletionDate": null,
      "Steps": [
        {
          "Step": "Step 1",
          "Completed": false,
          "CompletionDate": null,
          "Tasks": [
            {
              "Task": "Define your unique stationery style (e.g., minimalist, vintage, botanical)",
              "Completed": false,
              "CompletionDate": null
            },
            {
              "Task": "Research market demand for handmade stationery styles",
              "Completed": false,
              "CompletionDate": null
            },
            {
              "Task": "Draft your mission statement for your stationery brand",
              "Completed": false,
              "CompletionDate": null
            }
          ]
        },
        {
          "Step": "Step 2",
          "Completed": false,
          "CompletionDate": null,
          "Tasks": [
            {
              "Task": "Finalize your brand identity (colors, fonts, logo)",
              "Completed": true,
              "CompletionDate": "2024-09-03"
            },
            {
              "Task": "Create a mood board for your stationery designs",
              "Completed": false,
              "CompletionDate": null
            },
            {
              "Task": "List 5 key characteristics of your ideal customer",
              "Completed": false,
              "CompletionDate": null
            }
          ]
        },
        {
          "Step": "Step 3",
          "Completed": false,
          "CompletionDate": null,
          "Tasks": [
            {
              "Task": "Research and choose a domain name for your stationery business",
              "Completed": false,
              "CompletionDate": null
            },
            {
              "Task": "Register your chosen domain",
              "Completed": false,
              "CompletionDate": null
            },
            {
              "Task": "Set up a professional email address",
              "Completed": false,
              "CompletionDate": null
            }
          ]
        },
        {
          "Step": "Step 4",
          "Completed": false,
          "CompletionDate": null,
          "Tasks": [
            {
              "Task": "Create an Instagram business account for your stationery brand",
              "Completed": false,
              "CompletionDate": null
            },
            {
              "Task": "Set up a Pinterest profile to showcase your designs",
              "Completed": false,
              "CompletionDate": null
            },
            {
              "Task": "Create a Facebook business page",
              "Completed": false,
              "CompletionDate": null
            }
          ]
        },
        {
          "Step": "Step 5",
          "Completed": false,
          "CompletionDate": null,
          "Tasks": [
            {
              "Task": "Select 15-20 of your best stationery designs (cards, invitations, notebooks, etc.)",
              "Completed": false,
              "CompletionDate": null
            },
            {
              "Task": "Organize designs into categories (e.g., wedding, thank you, seasonal)",
              "Completed": false,
              "CompletionDate": null
            },
            {
              "Task": "Take high-quality photos of your handmade stationery",
              "Completed": false,
              "CompletionDate": null
            }
          ]
        },
        {
          "Step": "Step 6",
          "Completed": false,
          "CompletionDate": null,
          "Tasks": [
            {
              "Task": "Write compelling descriptions for 7-10 stationery items",
              "Completed": false,
              "CompletionDate": null
            },
            {
              "Task": "Create titles for all selected pieces",
              "Completed": false,
              "CompletionDate": null
            },
            {
              "Task": "Choose 3 designs for potential landing page feature",
              "Completed": false,
              "CompletionDate": null
            }
          ]
        },
        {
          "Step": "Step 7",
          "Completed": false,
          "CompletionDate": null,
          "Tasks": [
            {
              "Task": "Finalize portfolio organization of your stationery collection",
              "Completed": false,
              "CompletionDate": null
            },
            {
              "Task": "Create a cohesive look for your portfolio presentation",
              "Completed": false,
              "CompletionDate": null
            },
            {
              "Task": "Write an artist statement or a brand story",
              "Completed": false,
              "CompletionDate": null
            }
          ]
        }
      ]
    },
    {
      "Milestone": "Milestone 2: Platform Setup and Pricing",
      "Completed": false,
      "CompletionDate": null,
      "Steps": [
        {
          "Step": "Step 8",
          "Completed": false,
          "CompletionDate": null,
          "Tasks": [
            {
              "Task": "Research top 3 selling platforms for handmade stationery (e.g., Etsy, Shopify, Amazon Handmade)",
              "Completed": false,
              "CompletionDate": null
            },
            {
              "Task": "List pros and cons of each platform",
              "Completed": false,
              "CompletionDate": null
            },
            {
              "Task": "Choose your primary selling platform",
              "Completed": false,
              "CompletionDate": null
            }
          ]
        },
        {
          "Step": "Step 9",
          "Completed": false,
          "CompletionDate": null,
          "Tasks": [
            {
              "Task": "Set up an account on your chosen primary platform",
              "Completed": false,
              "CompletionDate": null
            },
            {
              "Task": "Read through platform's seller guidelines",
              "Completed": false,
              "CompletionDate": null
            },
            {
              "Task": "Set up payment information",
              "Completed": false,
              "CompletionDate": null
            }
          ]
        },
        {
          "Step": "Step 10",
          "Completed": false,
          "CompletionDate": null,
          "Tasks": [
            {
              "Task": "Research pricing of 10 similar handmade stationery sellers in your niche",
              "Completed": false,
              "CompletionDate": null
            },
            {
              "Task": "Calculate your costs (materials, time, packaging)",
              "Completed": false,
              "CompletionDate": null
            },
            {
              "Task": "Draft initial pricing strategy for stationery sets and individual items",
              "Completed": false,
              "CompletionDate": null
            }
          ]
        },
        {
          "Step": "Step 11",
          "Completed": false,
          "CompletionDate": null,
          "Tasks": [
            {
              "Task": "Finalize pricing for your stationery products",
              "Completed": false,
              "CompletionDate": null
            },
            {
              "Task": "Set prices for customized or personalized stationery",
              "Completed": false,
              "CompletionDate": null
            },
            {
              "Task": "Create a simple pricing guide for reference",
              "Completed": false,
              "CompletionDate": null
            }
          ]
        },
        {
          "Step": "Step 12",
          "Completed": false,
          "CompletionDate": null,
          "Tasks": [
            {
              "Task": "Choose a website builder/platform",
              "Completed": false,
              "CompletionDate": null
            },
            {
              "Task": "Select a website template that complements your brand",
              "Completed": false,
              "CompletionDate": null
            },
            {
              "Task": "Start customizing your website design",
              "Completed": false,
              "CompletionDate": null
            }
          ]
        },
        {
          "Step": "Step 13",
          "Completed": false,
          "CompletionDate": null,
          "Tasks": [
            {
              "Task": "Continue website design",
              "Completed": false,
              "CompletionDate": null
            },
            {
              "Task": "Set up basic pages (Home, About, Shop)",
              "Completed": false,
              "CompletionDate": null
            },
            {
              "Task": "Integrate online store or link to chosen platforms",
              "Completed": false,
              "CompletionDate": null
            }
          ]
        },
        {
          "Step": "Step 14",
          "Completed": false,
          "CompletionDate": null,
          "Tasks": [
            {
              "Task": "Write your 'About Us' page detailing your passion for stationery",
              "Completed": false,
              "CompletionDate": null
            },
            {
              "Task": "Add contact information and an inquiry form to your website",
              "Completed": false,
              "CompletionDate": null
            },
            {
              "Task": "Test website on multiple devices",
              "Completed": false,
              "CompletionDate": null
            }
          ]
        }
      ]
    },
    {
      "Milestone": "Milestone 3: Content Creation and Marketing Preparation",
      "Completed": false,
      "CompletionDate": null,
      "Steps": [
        {
          "Step": "Step 15",
          "Completed": false,
          "CompletionDate": null,
          "Tasks": [
            {
              "Task": "Create a content calendar template for your stationery business",
              "Completed": false,
              "CompletionDate": null
            },
            {
              "Task": "Plan social media posts for Milestone 1 post-launch",
              "Completed": false,
              "CompletionDate": null
            },
            {
              "Task": "List 5 blog post ideas related to stationery design and use",
              "Completed": false,
              "CompletionDate": null
            }
          ]
        },
        {
          "Step": "Step 16",
          "Completed": false,
          "CompletionDate": null,
          "Tasks": [
            {
              "Task": "Write outlines for 2 blog posts",
              "Completed": false,
              "CompletionDate": null
            },
            {
              "Task": "Create 5 social media graphics featuring your stationery",
              "Completed": false,
              "CompletionDate": null
            },
            {
              "Task": "Plan a 'behind the scenes' content series showcasing your design process",
              "Completed": false,
              "CompletionDate": null
            }
          ]
        },
        {
          "Step": "Step 17",
          "Completed": false,
          "CompletionDate": null,
          "Tasks": [
            {
              "Task": "Design your business card featuring your stationery logo",
              "Completed": false,
              "CompletionDate": null
            },
            {
              "Task": "Create a simple digital press kit with your story and product images",
              "Completed": false,
              "CompletionDate": null
            },
            {
              "Task": "List 5 key points about your stationery for marketing",
              "Completed": false,
              "CompletionDate": null
            }
          ]
        },
        {
          "Step": "Step 18",
          "Completed": false,
          "CompletionDate": null,
          "Tasks": [
            {
              "Task": "Develop an email signature with links to your website and social media",
              "Completed": false,
              "CompletionDate": null
            },
            {
              "Task": "Create a downloadable PDF (e.g., a sample greeting card or a stationery care guide)",
              "Completed": false,
              "CompletionDate": null
            },
            {
              "Task": "Write a short brand bio for social media profiles",
              "Completed": false,
              "CompletionDate": null
            }
          ]
        },
        {
          "Step": "Step 19",
          "Completed": false,
          "CompletionDate": null,
          "Tasks": [
            {
              "Task": "Write and schedule 3 Steps of social media posts",
              "Completed": false,
              "CompletionDate": null
            },
            {
              "Task": "Create a launch announcement draft",
              "Completed": false,
              "CompletionDate": null
            },
            {
              "Task": "Design a social media cover image for launch",
              "Completed": false,
              "CompletionDate": null
            }
          ]
        },
        {
          "Step": "Step 20",
          "Completed": false,
          "CompletionDate": null,
          "Tasks": [
            {
              "Task": "Set up an email marketing platform",
              "Completed": false,
              "CompletionDate": null
            },
            {
              "Task": "Create an email list signup form",
              "Completed": false,
              "CompletionDate": null
            },
            {
              "Task": "Write a welcome email for new subscribers",
              "Completed": false,
              "CompletionDate": null
            }
          ]
        },
        {
          "Step": "Step 21",
          "Completed": false,
          "CompletionDate": null,
          "Tasks": [
            {
              "Task": "Finalize the launch announcement",
              "Completed": false,
              "CompletionDate": null
            },
            {
              "Task": "Create a special offer for launch (e.g., free shipping, discount)",
              "Completed": false,
              "CompletionDate": null
            },
            {
              "Task": "Prepare a launch checklist",
              "Completed": false,
              "CompletionDate": null
            }
          ]
        }
      ]
    },
    {
      "Milestone": "Milestone 4: Launch and Outreach",
      "Completed": false,
      "CompletionDate": null,
      "Steps": [
        {
          "Step": "Step 22",
          "Completed": false,
          "CompletionDate": null,
          "Tasks": [
            {
              "Task": "Test all website links and functions",
              "Completed": false,
              "CompletionDate": null
            },
            {
              "Task": "Do a trial run of the purchase process",
              "Completed": false,
              "CompletionDate": null
            },
            {
              "Task": "Ask 2-3 friends to test your website and provide feedback",
              "Completed": false,
              "CompletionDate": null
            }
          ]
        },
        {
          "Step": "Step 23",
          "Completed": false,
          "CompletionDate": null,
          "Tasks": [
            {
              "Task": "Make adjustments based on feedback",
              "Completed": false,
              "CompletionDate": null
            },
            {
              "Task": "Prepare your workspace for potential orders (stock up on supplies)",
              "Completed": false,
              "CompletionDate": null
            },
            {
              "Task": "Double-check all social media profiles are complete",
              "Completed": false,
              "CompletionDate": null
            }
          ]
        },
        {
          "Step": "Step 24",
          "Completed": false,
          "CompletionDate": null,
          "Tasks": [
            {
              "Task": "Official Launch: Post announcement on all platforms",
              "Completed": false,
              "CompletionDate": null
            },
            {
              "Task": "Send launch email to your list",
              "Completed": false,
              "CompletionDate": null
            },
            {
              "Task": "Respond to all comments and messages",
              "Completed": false,
              "CompletionDate": null
            }
          ]
        },
        {
          "Step": "Step 25",
          "Completed": false,
          "CompletionDate": null,
          "Tasks": [
            {
              "Task": "Share behind-the-scenes content of your launch Step",
              "Completed": false,
              "CompletionDate": null
            },
            {
              "Task": "Post your first blog article",
              "Completed": false,
              "CompletionDate": null
            },
            {
              "Task": "Engage with followers and thank them for their support",
              "Completed": false,
              "CompletionDate": null
            }
          ]
        },
        {
          "Step": "Step 26",
          "Completed": false,
          "CompletionDate": null,
          "Tasks": [
            {
              "Task": "Research and list 10 potential collaborators or influencers in the stationery or craft niche",
              "Completed": false,
              "CompletionDate": null
            },
            {
              "Task": "Draft outreach messages to 3 potential collaborators",
              "Completed": false,
              "CompletionDate": null
            },
            {
              "Task": "Join 2 online communities related to handmade stationery",
              "Completed": false,
              "CompletionDate": null
            }
          ]
        },
        {
          "Step": "Step 27",
          "Completed": false,
          "CompletionDate": null,
          "Tasks": [
            {
              "Task": "Engage in 3 meaningful conversations in online communities",
              "Completed": false,
              "CompletionDate": null
            },
            {
              "Task": "Send outreach messages to potential collaborators",
              "Completed": false,
              "CompletionDate": null
            },
            {
              "Task": "Share a 'Milestone 1 Reflections' post on social media",
              "Completed": false,
              "CompletionDate": null
            }
          ]
        },
        {
          "Step": "Step 28",
          "Completed": false,
          "CompletionDate": null,
          "Tasks": [
            {
              "Task": "Review initial sales data",
              "Completed": false,
              "CompletionDate": null
            },
            {
              "Task": "Analyze social media engagement metrics",
              "Completed": false,
              "CompletionDate": null
            },
            {
              "Task": "List top 3 performing posts or stationery items",
              "Completed": false,
              "CompletionDate": null
            }
          ]
        },
        {
          "Step": "Step 29",
          "Completed": false,
          "CompletionDate": null,
          "Tasks": [
            {
              "Task": "Adjust pricing or offerings if necessary based on feedback",
              "Completed": false,
              "CompletionDate": null
            },
            {
              "Task": "Plan content for the next Milestone based on initial response",
              "Completed": false,
              "CompletionDate": null
            },
            {
              "Task": "Set up a system for tracking expenses and income",
              "Completed": false,
              "CompletionDate": null
            }
          ]
        },
        {
          "Step": "Step 30",
          "Completed": false,
          "CompletionDate": null,
          "Tasks": [
            {
              "Task": "Conduct a 30-Step review and write down lessons learned",
              "Completed": false,
              "CompletionDate": null
            },
            {
              "Task": "Set goals for the next 30 Steps",
              "Completed": false,
              "CompletionDate": null
            },
            {
              "Task": "Celebrate your achievement and share a thank you message with your audience",
              "Completed": false,
              "CompletionDate": null
            }
          ]
        }
      ]
    }
  ]
}